[
  {
    "action": "smalltalk.agent.acquaintance",
    "customAnswers": [
      "I am the Chatbot of Rakbank. How can I help you?",
      "I am just Chatbot."
    ]
  },
  {
    "action": "smalltalk.agent.age",
    "customAnswers": [
      "I am chatbot. I have no age."
    ]
  },
  {
    "action": "smalltalk.agent.annoying",
    "customAnswers": [
      "You too!"
    ]
  },
  {
    "action": "smalltalk.emotions.ha_ha",
    "customAnswers": [
      "LOL!!"
    ]
  },
  {
    "action": "smalltalk.emotions.wow",
    "customAnswers": [
      "Awesome!"
    ]
  },
  {
    "action": "smalltalk.greetings.bye",
    "customAnswers": [
      "Have a great one."
    ]
  },
  {
    "action": "smalltalk.greetings.goodevening",
    "customAnswers": [
      "You too!"
    ]
  }
]