[
  {
    "id": "fc234dde-b23a-4009-884b-6ad6fc22023d",
    "data": [
      {
        "text": "I want to enquiry about chequebook",
        "userDefined": false
      }
    ],
    "isTemplate": false,
    "count": 0,
    "lang": "en",
    "updated": 0
  },
  {
    "id": "e2f00b51-d6b3-4c5c-811d-7a7c7720c2c7",
    "data": [
      {
        "text": "chequebook enquiry",
        "userDefined": false
      }
    ],
    "isTemplate": false,
    "count": 0,
    "lang": "en",
    "updated": 0
  },
  {
    "id": "6f2e615b-6575-45f7-b0bc-ea808fc5f47f",
    "data": [
      {
        "text": "chequebook status",
        "userDefined": false
      }
    ],
    "isTemplate": false,
    "count": 0,
    "lang": "en",
    "updated": 0
  },
  {
    "id": "094028fa-91e9-4f15-99aa-bc64d699d111",
    "data": [
      {
        "text": "chequebook",
        "userDefined": false
      }
    ],
    "isTemplate": false,
    "count": 0,
    "lang": "en",
    "updated": 0
  }
]