[
  {
    "id": "97d42ea0-2088-4688-9b7e-c6f4c8940992",
    "data": [
      {
        "text": "123456",
        "meta": "@sys.number-sequence",
        "alias": "otp",
        "userDefined": true
      }
    ],
    "isTemplate": false,
    "count": 0,
    "lang": "en",
    "updated": 0
  },
  {
    "id": "40a9fcd7-f445-4e29-a14a-f5e5b31c886a",
    "data": [
      {
        "text": "my otp is ",
        "userDefined": false
      },
      {
        "text": "123456",
        "meta": "@sys.number-sequence",
        "alias": "otp",
        "userDefined": true
      }
    ],
    "isTemplate": false,
    "count": 0,
    "lang": "en",
    "updated": 0
  }
]