[
  {
    "id": "3faf0677-073d-4fe5-a7bf-e36a1e6fc51e",
    "data": [
      {
        "text": "My number is ",
        "userDefined": false
      },
      {
        "text": "91509074803",
        "meta": "@sys.phone-number",
        "alias": "phone-number",
        "userDefined": false
      }
    ],
    "isTemplate": false,
    "count": 0,
    "lang": "en",
    "updated": 0
  },
  {
    "id": "38cc55e9-cd48-4877-bd04-2d524bf6a49d",
    "data": [
      {
        "text": "My no is ",
        "userDefined": false
      },
      {
        "text": "509074803",
        "meta": "@sys.phone-number",
        "alias": "phone-number",
        "userDefined": false
      }
    ],
    "isTemplate": false,
    "count": 0,
    "lang": "en",
    "updated": 0
  },
  {
    "id": "655d5faf-35a2-4b60-a7aa-11ec06b0afe2",
    "data": [
      {
        "text": "971509074803",
        "meta": "@sys.phone-number",
        "alias": "phone-number",
        "userDefined": false
      }
    ],
    "isTemplate": false,
    "count": 0,
    "lang": "en",
    "updated": 0
  },
  {
    "id": "cddfa22d-a3a4-4e89-a13b-a65351eebc1b",
    "data": [
      {
        "text": "My phone no is ",
        "userDefined": false
      },
      {
        "text": "971509074803",
        "meta": "@sys.phone-number",
        "alias": "phone-number",
        "userDefined": false
      }
    ],
    "isTemplate": false,
    "count": 0,
    "lang": "en",
    "updated": 0
  }
]